id,freq,magfreq,t1,t2,quees
1,11025,1.0135115,0,12,gato
2,44100,1.66103295,0,14,perro
3,11026,1.00000002,0,14,perro
4,44100,1.74484444,0,12,gato
5,11025,1.55584444,0,12,gato
6,11025,1.99482458,0,12,gato
7,11026,1.22257815,0,14,perro
8,11025,1.36900002,0,14,perro
9,44096,1.74484444,0,12,gato
10,11026,1.89484444,0,12,gato